{"main":"american-flights-api.raml","name":"American Flights APi","classifier":"raml","tags":[],"dependencies":[{"groupId":"68ef9520-24e9-4cf2-b2f5-620025690913","assetId":"training-american-flight-data-type","version":"1.0.1"},{"groupId":"68ef9520-24e9-4cf2-b2f5-620025690913","assetId":"training-american-flights-example","version":"1.0.1"}],"groupId":"21a37708-28b5-4dd1-b777-1ba77b5d4550","assetId":"american-flights-api","version":"1.0.3","apiVersion":"v1","metadata":{"projectId":"9a6110e7-1245-4d04-9362-225f17031894","branchId":"master","commitId":"3537a64ad287b5323d66d4ccb4f60d63d2607ead"}}